"lat","long","screenName"
40.2109801,-8.4292057,"trocadabola"
8.3096067,-81.3066246,"KSAPTY"
46.2051192,5.2250324,"LARELIA2407"
6.4550575,3.3941795,"harryy_011"
15.3004543,74.0855134,"kamatgoa"
22.3511148,78.6677428,"BSNLCorporate"
25.2017152,55.1542459,"elpoetamajestic"
6.4550575,3.3941795,"dark_kvng"
9.0643305,7.4892974,"mindkraft"
19.1334321,72.8882172,"Ethinos"
-30.9034869,-55.5091113,"aula365"
45.7578137,4.8320114,"Kr0cky69"
19.4326009,-99.1333416,"Dparleymexico"
25.22803095,55.17332793087,"Dohastadiumplus"
6.2388416,80.0542508,"Mr_rammuthu"
46.2017559,6.1466014,"500pxrtg"
41.0799898,-85.1386015,"karenfadus"
50.8465573,4.351697,"TWadin"
4.6617449,-74.0678010056575,"kennymilano"
17.3450946,43.1517127,"alhazmi_com"
-9.6476843,-35.7339264,"carfelipe"
53.7907262,-2.2439196,"PrairieSport"
19.1334321,72.8882172,"DreadIndian"
26.2540493,29.2675469,"mahnegm"
41.3874344,2.16903130986842,"e3_barca"
41.3828939,2.1774322,"esport3"
-22.9110137,-43.2093727,"LuciaVict0ria"
-24.5177239,-51.6685729,"vivikkkkj"
-37.9196946,-62.1280162,"Canal9convos"
13.8000382,-88.9140683,"E_Espinoza21"
23.7593572,90.3788136,"neelima_ela"
51.4538022,-2.5972985,"AnitchkaNE"
41.8933203,12.4829321,"ClaudiaBruno00"
43.6711721,-79.3758814,"LustyButters"
4.5980772,-74.0761028,"LorenaPardo"
42.6384261,12.674297,"Il_TerzoUomo"
9.6000359,7.9999721,"adetife_"
-25.9307699,28.012252,"Ctenlee"
54.8611124,-1.43201801730217,"lorevicente"
-10.3333333,-53.2,"rankeador"
21.14133975,-100.070929691885,"acontecendoaqui"
48.8413634,2.25306931623782,"_kimpembista"
1.4419683,38.4313975,"raccemaurice"
50.6305089,3.0706414,"MavingaMakanzu"
53.4310417,-1.355187,"getleansocial"
19.4326009,-99.1333416,"Vidishh"
12.3724928,-84.8700308,"Oseda07"
-18.5711894,-41.2339862,"ianroberth7"
51.4538022,-2.5972985,"GarryBussell"
19.4326009,-99.1333416,"fanbolero"
51.46426255,-0.651714721140142,"afcsean89"
-26.235278,28.37,"CalvinRachoene5"
-10.3333333,-53.2,"CleibsonF"
52.8228134,-1.4283564,"WorldPrank4"
50.7979739,3.762778,"SimoneHanneke"
42.6384261,12.674297,"SportEconomy"
-22.1635605,-42.6633545,"pintandofelicid"
45.6209,9.768893,"v4lentinatweets"
28.4012536,36.567049,"shs142"
6.9349969,79.853845,"fd240094ca8149e"
40.033265,-7.8896263,"zerozeropt"
25.40704,49.5959025,"malmanhool"
25.7742658,-80.1936589,"Music_Miami"
50.74467035,-1.85798090318094,"gadge33"
52.08653175,5.24900804050379,"Netherlands1974"
-34.57515945,-58.4854764481329,"ferrunning3021"
52.0977181,19.0258159,"igolpl"
42.6384261,12.674297,"ThatsLevioh"
43.9258812,10.201791,"UgoBaroni"
-33.8492579,151.2128083,"aldocomi"
-21.3377636,-65.8060017,"YanezApostillas"
51.9565337,8.29369006293168,"ejgp_"
2.0000003,15.9999997,"djALjahZEEra"
41.8933203,12.4829321,"CorSport"
42.6384261,12.674297,"tuttosport"
-1.2832533,36.8172449,"birithuson"
7.1114611,-73.1172869,"Juanjosemkxx"
52.628606,1.29227,"Writefreexpress"
25.9481487,-80.3169953,"cerati9"
4.990237,7.99743991133195,"promiseetim25"
45.0677551,7.6824892,"FraSulas"
-34.8802891,-56.1587239,"csiebeluy"
14.693425,-17.447938,"MazDugov"
49.21230655,-2.12559995964288,"ls_Jersey1"
19.4326009,-99.1333416,"dportenis"
25.2232283,55.1594933008754,"seaimages"
18.5345373,-72.4092495,"domminac3"
25.8470631,-100.3934347,"_brendagzaa"
16.404328,120.597126750107,"NettieSthlm"
0.3177137,32.5813539,"WalasDavid"
-33.4377968,-70.6504451,"RafaAlvCc"
-25.863611,25.658611,"Breezy_Multi_M"
31.1728192,-7.3366043,"meeril_89"
43.6112422,3.8767337,"morelYlone"
36.7213028,-4.4216366,"TorresIMG"
4.5980772,-74.0761028,"MargaritaBernal"
7.1114611,-73.1172869,"Garcia_Breynner"
-30.0324999,-51.2303767,"claudinhars75"
40.8359336,14.2487826,"canale21"
19.32055625,-99.1517010707765,"jfcalderon"
51.5073219,-0.1276474,"kerziouk"
9.08251365,-83.2465025101169,"terribleortiz"
53.198627,50.113987,"LuisAndresHenao"
54.0099825,-1.462186,"hopey550"
33.96689355,-6.84266275862037,"AsFaRabatcom"
39.7980588,-88.5272636,"lynolchidziva"
6.4550575,3.3941795,"JerseysOfficial"
1.4419683,38.4313975,"RobeezyD"
4.5980772,-74.0761028,"chejo1804"
42.8804219,-8.5458608,"NosTelevision"
26.2295234,50.5915476,"salman591"
40.2109801,-8.4292057,"trocadabola"
8.3096067,-81.3066246,"KSAPTY"
46.2051192,5.2250324,"LARELIA2407"
6.4550575,3.3941795,"harryy_011"
15.3004543,74.0855134,"kamatgoa"
22.3511148,78.6677428,"BSNLCorporate"
25.2017152,55.1542459,"elpoetamajestic"
6.4550575,3.3941795,"dark_kvng"
9.0643305,7.4892974,"mindkraft"
19.1334321,72.8882172,"Ethinos"
-30.9034869,-55.5091113,"aula365"
45.7578137,4.8320114,"Kr0cky69"
19.4326009,-99.1333416,"Dparleymexico"
25.22803095,55.17332793087,"Dohastadiumplus"
6.2388416,80.0542508,"Mr_rammuthu"
46.2017559,6.1466014,"500pxrtg"
41.0799898,-85.1386015,"karenfadus"
50.8465573,4.351697,"TWadin"
4.6617449,-74.0678010056575,"kennymilano"
17.3450946,43.1517127,"alhazmi_com"
-9.6476843,-35.7339264,"carfelipe"
53.7907262,-2.2439196,"PrairieSport"
19.1334321,72.8882172,"DreadIndian"
26.2540493,29.2675469,"mahnegm"
41.3874344,2.16903130986842,"e3_barca"
41.3828939,2.1774322,"esport3"
-22.9110137,-43.2093727,"LuciaVict0ria"
-24.5177239,-51.6685729,"vivikkkkj"
-37.9196946,-62.1280162,"Canal9convos"
13.8000382,-88.9140683,"E_Espinoza21"
23.7593572,90.3788136,"neelima_ela"
51.4538022,-2.5972985,"AnitchkaNE"
41.8933203,12.4829321,"ClaudiaBruno00"
43.6711721,-79.3758814,"LustyButters"
4.5980772,-74.0761028,"LorenaPardo"
42.6384261,12.674297,"Il_TerzoUomo"
9.6000359,7.9999721,"adetife_"
-25.9307699,28.012252,"Ctenlee"
54.8611124,-1.43201801730217,"lorevicente"
-10.3333333,-53.2,"rankeador"
21.14133975,-100.070929691885,"acontecendoaqui"
48.8413634,2.25306931623782,"_kimpembista"
1.4419683,38.4313975,"raccemaurice"
50.6305089,3.0706414,"MavingaMakanzu"
53.4310417,-1.355187,"getleansocial"
19.4326009,-99.1333416,"Vidishh"
12.3724928,-84.8700308,"Oseda07"
-18.5711894,-41.2339862,"ianroberth7"
51.4538022,-2.5972985,"GarryBussell"
19.4326009,-99.1333416,"fanbolero"
51.46426255,-0.651714721140142,"afcsean89"
-26.235278,28.37,"CalvinRachoene5"
-10.3333333,-53.2,"CleibsonF"
52.8228134,-1.4283564,"WorldPrank4"
50.7979739,3.762778,"SimoneHanneke"
42.6384261,12.674297,"SportEconomy"
-22.1635605,-42.6633545,"pintandofelicid"
45.6209,9.768893,"v4lentinatweets"
28.4012536,36.567049,"shs142"
6.9349969,79.853845,"fd240094ca8149e"
40.033265,-7.8896263,"zerozeropt"
25.40704,49.5959025,"malmanhool"
25.7742658,-80.1936589,"Music_Miami"
50.74467035,-1.85798090318094,"gadge33"
52.08653175,5.24900804050379,"Netherlands1974"
-34.57515945,-58.4854764481329,"ferrunning3021"
52.0977181,19.0258159,"igolpl"
42.6384261,12.674297,"ThatsLevioh"
43.9258812,10.201791,"UgoBaroni"
-33.8492579,151.2128083,"aldocomi"
-21.3377636,-65.8060017,"YanezApostillas"
51.9565337,8.29369006293168,"ejgp_"
2.0000003,15.9999997,"djALjahZEEra"
41.8933203,12.4829321,"CorSport"
42.6384261,12.674297,"tuttosport"
-1.2832533,36.8172449,"birithuson"
7.1114611,-73.1172869,"Juanjosemkxx"
52.628606,1.29227,"Writefreexpress"
25.9481487,-80.3169953,"cerati9"
4.990237,7.99743991133195,"promiseetim25"
45.0677551,7.6824892,"FraSulas"
-34.8802891,-56.1587239,"csiebeluy"
14.693425,-17.447938,"MazDugov"
49.21230655,-2.12559995964288,"ls_Jersey1"
19.4326009,-99.1333416,"dportenis"
25.2232283,55.1594933008754,"seaimages"
18.5345373,-72.4092495,"domminac3"
25.8470631,-100.3934347,"_brendagzaa"
16.404328,120.597126750107,"NettieSthlm"
0.3177137,32.5813539,"WalasDavid"
-33.4377968,-70.6504451,"RafaAlvCc"
-25.863611,25.658611,"Breezy_Multi_M"
31.1728192,-7.3366043,"meeril_89"
43.6112422,3.8767337,"morelYlone"
36.7213028,-4.4216366,"TorresIMG"
4.5980772,-74.0761028,"MargaritaBernal"
7.1114611,-73.1172869,"Garcia_Breynner"
-30.0324999,-51.2303767,"claudinhars75"
40.8359336,14.2487826,"canale21"
19.32055625,-99.1517010707765,"jfcalderon"
51.5073219,-0.1276474,"kerziouk"
9.08251365,-83.2465025101169,"terribleortiz"
53.198627,50.113987,"LuisAndresHenao"
54.0099825,-1.462186,"hopey550"
33.96689355,-6.84266275862037,"AsFaRabatcom"
39.7980588,-88.5272636,"lynolchidziva"
6.4550575,3.3941795,"JerseysOfficial"
1.4419683,38.4313975,"RobeezyD"
4.5980772,-74.0761028,"chejo1804"
42.8804219,-8.5458608,"NosTelevision"
26.2295234,50.5915476,"salman591"
44.5513342,10.935016,"FabioMaffettone"
39.7837304,-100.4458825,"Sindy_KBA"
51.5073219,-0.1276474,"Fane_Mensah"
40.8359336,14.2487826,"Time4Stream"
54.4747553,55.9784582,"_RUSSIE_"
-32.8755548,-56.0201525,"SUAREZ_SZN"
53.4791301,-2.2441009,"PaleGreenBand"
41.86352,12.5576041,"UNIBET_IT"
-34.6143033,-58.5258108049808,"nlopedebarrios"
25.7742658,-80.1936589,"SemanarioArg"
54.7023545,-3.2765753,"MCJTSubs"
-23.5324859,-46.7916801,"AparecidoAlmei5"
9.6000359,7.9999721,"segjoh"
51.5073219,-0.1276474,"austinobasi"
47.4983815,19.0404707,"digisport_hu"
35.8812346,14.5178677,"Yobetit"
42.61946,-7.863112,"o_sanma"
29.4246002,-98.4951405,"WF_writerEM"
18.833333,-98,"peyoneil"
6.4550575,3.3941795,"boss_besh"
52.865196,-7.9794599,"carlmcevoy1"
32.5010188,-116.9646629,"Alanmacias99FAM"
23.7766026,90.3829896,"Dream_MSA"
5.8101532,0.0995242,"OhemaaPearl2"
-25.9363439,28.0813105,"Dimakat35453346"
-34.9059039,-56.1913569,"elnenesilva"
48.9636566,2.5347541,"DcrSirou"
40.8762106,-74.0298621,"PochoMartinez24"
51.5073219,-0.1276474,"lexy_flow"
9.0643305,7.4892974,"estherclimate"
51.5644477,4.75122967848989,"Cosmopolitka"
22.5000485,-100.0000375,"jmiguelcm"
6.4550575,3.3941795,"chinaydo"
-27.4997483,-58.8170557,"shitshitshitshx"
4.5980772,-74.0761028,"jrgomex"
4.6617449,-74.0678010056575,"oscarespinosa82"
-6.1753942,106.827183,"nannasmuda"
6.4550575,3.3941795,"okehjp"
40.7306458,-73.9866136,"hombreslounge1"
4.6617449,-74.0678010056575,"paisitadeo"
4.5980772,-74.0761028,"The_Soul_King"
40.6403167,22.9352716,"elenischool"
-32.8755548,-56.0201525,"Soy_AGM"
6.4550575,3.3941795,"iamhismahilll"
-34.9059039,-56.1913569,"treceacero"
7.1114611,-73.1172869,"MiguelPorty"
51.4043548,-3.2690216,"reddevil1975"
30.048819,31.243666,"2eeeetch"
22.5677459,88.3476023,"Deepmin38317550"
21.4209763,39.8270873,"i3shg_"
30.048819,31.243666,"abdalahelraggal"
40.0028028,-4.003104,"TorneoApuestas"
2.8894434,-73.783892,"ColombiaOscura"
42.61946,-7.863112,"rojaenelcolacao"
30.8703881,-92.007126,"NerissaaEmy"
-31.7613365,-71.3187697,"Danniimoreno"
48.8661652,20.3598439,"GinoInvesting"
40.7399963,-2.50593002588473,"Rogertnk"
52.7954791,-0.540240286617432,"h_trusswell"
42.6384261,12.674297,"PicklineNews"
50.5982618,3.2931148,"DeconinckFr"
42.6384261,12.674297,"mrg_75"
9.08251365,-83.2465025101169,"e_deportivas"
-0.2201641,-78.5123274,"365DMG"
2.8894434,-73.783892,"ximenitares"
-4.8339574,-42.1739786,"italloramon80"
41.6521328,-4.728562,"migruizruiz"
-42.9165061,-71.3363881,"Rincon_DeFutbol"
44.6458885,10.9255707,"figurinepanini"
19.4326009,-99.1333416,"GattoSpaghetti"
16.4263803,-93.1404794,"andycasnava"
42.6384261,12.674297,"skillandbet"
-0.2201641,-78.5123274,"liguistas"
-34.9059039,-56.1913569,"elchacalok"
48.8566101,2.3514992,"LukeShrago"
-21.9549806,-49.0232348,"rudylanducci"
45.431977,9.989265,"bdlbottega"
19.4203871,-99.1728472,"jcrojo"
51.5073219,-0.1276474,"anilbhanot"
14.6565739,120.9941511,"capra9479"
43.0761456,-89.3227110468076,"ChangoWith"
41.6009563,-85.7907465,"JuanjoTRX"
18.3953591,-66.094888,"AlexM794"
-42.9165061,-71.3363881,"AnaNel10"
48.9385489,2.4631476,"fahed__hm"
45.5643442,17.0118954,"AnicaTurda"
2.8894434,-73.783892,"BrianTorresRock"
48.9542249,2.3025347463654,"slimanetirera"
8.0018709,-66.1109318,"megalatina979fm"
6.4550575,3.3941795,"_Teewalters"
6.5960605,3.340787,"4lconnect"
41.2675307,-8.0690985,"SafadAllz"
19.4053637,-99.1498637,"Gaby_Coceres"
-3.3424178,-60.6775337,"ismamaressaog"
30.0659254,31.2163854,"Donvicarleone"
-16.7608792,-49.2302087,"suarezchacon_9"
-25.9969151,28.6747707,"MufasaUnderdog1"
28.6141793,77.2022662,"sheena2309"
-23.5506507,-46.6333824,"mornietari"
42.6384261,12.674297,"MondoSportivoIT"
-23.3112878,-51.1595023,"IzauraDemari"
52.0565724,-0.8501016,"paulwithe"
4.6617449,-74.0678010056575,"Oficial_LEOCS"
-23.523683,-46.5437815,"kawaharu1"
10.3825318,7.8533226,"khalifa_dalhat"
-23.1897822,-49.3840493,"ricardoguidio"
54.898614,-1.528827,"JOHNMILLS72"
6.4550575,3.3941795,"sami_bam"
-34.9964963,-64.9672817,"PFulbo"
4.81804785,-75.6888617199333,"VinosDeAmerica"
6.4550575,3.3941795,"Max1023FM"
45.4667971,9.1904984,"Eleonora_Boi"
14.6417889,-90.5132239,"_ThePhenomenal"
29.33357555,48.0571186896455,"yasserdanga"
41.8933203,12.4829321,"CalcioArg"
11.0552572,-85.2768558,"embaven_belice"
-0.2201641,-78.5123274,"CrisNapGom"
51.5073219,-0.1276474,"J355owen"
51.3957695,-0.448532,"PeterSainsbury"
-34.9059039,-56.1913569,"jumican"
-2.4333,40.5333,"BusaneHlomuka"
-27.4221702,-55.9350095,"tdtlatinoameric"
48.8413634,2.25306931623782,"PSG24hours"
51.5073219,-0.1276474,"juliansheasport"
23.7593572,90.3788136,"surzo_uptm"
40.6501038,-73.9495823,"FultonAleHouse"
25.0750095,55.1887608818332,"Mohd_khalifa5"
-24.7761086,134.755,"yakuubu11"
41.8933203,12.4829321,"marcoluci1"
36.2033361,-115.0552554,"Aywenger"
8.4963657,4.5480484,"MyHumbleSelff"
43.7009358,7.2683912,"jpaulclaustres"
9.6000359,7.9999721,"cybergeak"
41.2675307,-8.0690985,"helloneagle"
19.6666671,-88.5000001,"SalgadoErik"
-16.0686394,-47.9764907,"MarianaSued"
45.4667971,9.1904984,"GioPaini23"
51.41080285,-0.188097730556762,"WrittenMirror"
50.6305089,3.0706414,"aucarrefour59"
33.5091215,-111.8992365,"everzonian"
2.8894434,-73.783892,"RukissReyna"
57.1482429,-2.0928095,"Keithyrobbo"
-33.8548157,151.2164539,"marcelatobon"
-23.5506507,-46.6333824,"lipebernardii"
2.8894434,-73.783892,"camilocabezas07"
-12.9822499,-38.4812772,"stylinson114"
42.6384261,12.674297,"Gazzetta_it"
45.4667971,9.1904984,"NicoleGomena"
1.2904753,103.8520359,"HarshVardhan_Sh"
21.4209763,39.8270873,"jesus_in_islam"
54.8611124,-1.43201801730217,"luckiano_"
51.2715316,-0.341452351129091,"BradleyCLWest"
-18.865186,-48.265278,"kamilaa27_"
10.3529588,76.5119752,"asianetnewstv"
-23.1681782,24.5928742,"Stobene_Stiles"
25.68976,-80.280843,"Miami_Flamingo"
17,-96.5,"elcaborotativo"
-33.6310779,-70.7592008,"bacarucci"
-10.3333333,-53.2,"_marinaperes_"
50.0619474,19.9368564,"xouted"
11.544634,-72.9069784,"andres32132"
-7.510234,-34.9154114,"lucianoamorim94"
45.8080945,13.5310806,"themassj"
36.7014631,-118.7559974,"rose_anap"
8.9714493,-79.5341802,"Adasilva507"
55.7507178,37.6176606,"chavez75745770"
32.5812455,-85.7491225,"Luchitocharris"
52.19079405,5.3512663166522,"voshans"
31.8017703,-106.9927822,"Alejo1Potrillo"
6.4550575,3.3941795,"GidiFeed"
-28.8166236,24.991639,"dailymaverick"
-1.2832533,36.8172449,"AleksGee"
-34.9964963,-64.9672817,"cambalachecoope"
-22.9110137,-43.2093727,"Chagas_Kaylane"
-23.5506507,-46.6333824,"hstaned"
55.4776435,-2.5553768,"gmkelly1979"
37.47427625,14.1385351189452,"GoalSicilia"
29.7589382,-95.3676974,"NetherlandsTX"
32.6200699,-115.4440698,"Eddy__Morales"
-22.9110137,-43.2093727,"MetroJornal_RJ"
-37.4087085,-58.1356841,"sanLs"
17.9712148,-76.7928128,"CassiusWatson"
-1.2832533,36.8172449,"maxlanmadokaa"
34.6968642,139.4049033,"S27257336"
46.1939009,-83.0110297,"katyatchoubar"
18.4287486,-66.1569582824405,"gheovannav"
-23.5506507,-46.6333824,"BazaarBR"
52.7954791,-0.540240286617432,"JuliaPaqueta11"
38.8949549,-77.0366456,"finneyeric"
36.140807,-5.3541295,"ArthurBlaugrana"
43.1561681,-75.8449946,"johnny41391"
45.4667971,9.1904984,"Primaonline"
9.0643305,7.4892974,"_Misterlouis"
41.9960924,21.4316495,"klipkje"
37.7767817,-122.4167923,"eaipredo"
-18.865186,-48.265278,"Nanda25Vianna"
39.7837304,-100.4458825,"MiffyOfficialUS"
42.6384261,12.674297,"redarmyitaly"
-23.5838463,-46.672325,"newdoghamburger"
25.4025941,55.4429486,"israa_ad"
54.5039299,23.9379023,"patatahvoladora"
-26.3689804,27.349464,"keoagile23"
-22.9110137,-43.2093727,"vaz_wall"
-42.9165061,-71.3363881,"sandrufloress"
19.4326009,-99.1333416,"NorthHunters"
-15.7934036,-47.8823172,"AndersonRodr17"
20.7598594,-77.860272,"porteexpo1"
50.1106444,8.6820917,"Jayyorkman"
43.0361995,-70.8328322,"BettingTipsMan"
51.5073219,-0.1276474,"RealSport500"
33.8966012,35.5314566,"Annahar"
40.8718291,9.6175397,"WikiFanta"
48.8566101,2.3514992,"PhDavidMtb"
18.547327,-72.3395928,"TICKETmaghaiti"
51.5073219,-0.1276474,"HousingHandUK"
19.32055625,-99.1517010707765,"AnayaSeconds"
-10.3333333,-53.2,"poxaedwards"
45.813177,15.977048,"24sata_HR"
54.7023545,-3.2765753,"TheCoverDen"
-23.5506507,-46.6333824,"iamlizazz"
30.048819,31.243666,"mostafaelruoby"
50.8465573,4.351697,"FredericDeCock"
40.4167047,-3.7035825,"RockSportRadio"
41.3884524,2.12171825426451,"MalCulerisme"
59.6749712,14.5208584,"NeoBolshevik"
51.46426255,-0.651714721140142,"Rugby_Ash21"
59.6749712,14.5208584,"dhjo"
25.6242618,42.3528328,"klllh1999"
40.4167047,-3.7035825,"ImagoSport"
-12.8863598,-65.320004,"ali_rm12"
38.7926342,-9.1826701,"hugocmartinsslb"
-1.24139975,36.7841127340471,"ogaabi_"
52.7589402,-1.9362042,"GazSportsBlog"
52.7589402,-1.9362042,"GazPodmorePT"
8.3096067,-81.3066246,"antoniolara2375"
33.0955793,44.1749775,"ERVEGOM"
22.52026785,113.930339073439,"Ganley_23"
48.8566101,2.3514992,"JeremyLne"
48.800368,2.2630292,"hamonjeanpaul"
41.3653134,15.6936756,"tino_conte"
41.4623447,15.5430624,"Voce_Bianconera"
48.8566101,2.3514992,"MaelTsns"
30.3824619,-81.5073118,"daddypoolsz"
4.8416028,6.8604088,"HarryTanen"
53.2789347,-2.9022507,"JadeyWalsh"
-23.5506507,-46.6333824,"wolfsfavela"
33.6882155,-86.5014044788996,"manoelastanley"
44.95704355,7.18908182790506,"micaela_tatiana"
37.0057958,-89.1772449,"hazem_salah8"
18.9218274,-99.2342282,"MiguelPantojaMD"
6.4550575,3.3941795,"tosemmy5"
46.603354,1.8883335,"SudRadio"
44.6458885,10.9255707,"Gianpi71asr"
48.8566101,2.3514992,"_Pywo"
53.4791301,-2.2441009,"dan_illustrator"
41.8492242,44.719326,"bribri097"
30.048819,31.243666,"bo_ozil11"
15.8656575,74.5261147,"bilgundi"
-1.2322834,36.9275102,"Musa_Ndirangu"
19.4326009,-99.1333416,"PalcoDebate"
48.477294,-89.201697,"queridarroba"
-10.3333333,-53.2,"itsmenandaa1"
47.2000338,13.199959,"DICH78"
48.8566101,2.3514992,"thesoccerblog1"
-20.4494839,-54.6081159,"andreluiscgms"
-34.3409331,-58.7670769,"MalvinasData"
-35.4271948,-71.6558934,"ricardomonterog"
40.0796319,-89.4339809,"lydiadzuly"
51.283714,37.53466,"DFilenko"
55.45435,65.321877,"ssu_64"
-23.5506507,-46.6333824,"alvaro_reisf"
37.3886303,-5.9953171,"alexjs_93"
54.7023545,-3.2765753,"BetOnAces"
28.7130755,-100.5558349,"chizar_fiction"
19.7027116,-101.1923818,"Yosoyelperi"
-10.3333333,-53.2,"GalaxyMessenger"
34.8082236,135.511831912755,"FerminFM"
8.2151249,3.5642897,"Deewhy009"
3.4319329,-76.5113048,"brayan_garzon"
-22.7573123,-47.1723149155691,"guil_ffreitas"
9.6000359,7.9999721,"SewuBem"
40.921611,14.189828,"TatySirio85"
41.2871196,13.2492009,"WutangLuca"
40.1212853,-3.8507812,"parronte"
64.5731537,11.5280364395482,"HUUULK93"
26.2540493,29.2675469,"mohamedelzawaw7"
39.5162234,-76.9382069,"akoji007"
40.4481498,-75.7471373,"Arinzay"
40.033265,-7.8896263,"MadaBarbosa51"
39.9215219,32.8537929,"sudemi06"
42.6384261,12.674297,"per4piedi"
19.4326009,-99.1333416,"ADOMINGUEZMURO"
-34.6850347,-58.4015485,"feernaann"
43.7283874,-79.34914879325,"TalkRugbyUnion"
30.6274843249982,104.036573933606,"bfr_kar"
41.3532038,-90.3808307,"oracle_divin"
48.1371079,11.5753822,"Unwind16"
51.6520851,-0.0810175,"Kemal33118043"
59.9132694,10.7391112,"andjens"
53.3497645,-6.2602732,"CormacJOKeeffe"
45.7065895,12.2471852,"EleonoraDeLuig1"
5.6028601,-0.1745444,"kwame_agyei"
-18.865186,-48.265278,"isadora_ssp"
-10.1835604,-48.3337793,"maribarbosaa"
19.07236245,-98.3223472316149,"TragarCamote"
28.1083929,84.0917139,"RamanSh93108654"
53.4310417,-1.355187,"Michael94369648"
-34.170249,-70.7407427,"marco_navg"
42.343926,-3.696977,"m_ubeira"
19.32055625,-99.1517010707765,"Eduardo_Carrion"
51.5073219,-0.1276474,"livefootball"
-0.4598213,36.10067977858,"Ndesh79"
51.5073219,-0.1276474,"The_Stevie"
54.7023545,-3.2765753,"dchesterton"
41.3828939,2.1774322,"FCBNOTICIAS"
37.3886303,-5.9953171,"veronicajuan"
42.6384261,12.674297,"nazionalit"
52.5738875,-0.2416701,"ItCouldKickOff"
7.0000085,-75.5000086,"mabarbos"
-34.6342463,-58.5717454,"AnaliGuerrara"
31.1728192,-7.3366043,"hespress"
44.8879431,1.2161321,"Jas_Velo"
6.4550575,3.3941795,"Oreoluwa_Sam"
-23.5506507,-46.6333824,"PeTotallycrazy"
-32.8897294,-68.8442956,"AscencioVela"
19.4326009,-99.1333416,"Charl3tas"
8.0018709,-66.1109318,"soykatufarias"
52.4082663,16.9335199,"Mich_Kro"
5.41649495,100.343805652947,"ApexAmin"
6.4550575,3.3941795,"zino_orowor"
36.7014631,-118.7559974,"AdrianasIns"
59.7436749,10.2043749,"MadsKK"
41.8999277,12.4849541,"Agenzia_Ansa"
-19.9227318,-43.9450948,"SuperFC"
37.3886303,-5.9953171,"alex8nder3"
53.4791301,-2.2441009,"topriddy"
44.0580563,6.0638506,"LizGabayMW"
41.7270398,-73.3528971,"MichDeji"
43.1561681,-75.8449946,"nicolasbenatti2"
40.5834557,-74.1496048,"JosephDeMauro1"
51.5073219,-0.1276474,"Soc_of_Authors"
-17.0568696,-64.9912286,"minmineriabo"
5.5859456,7.0669651,"Predictionhq"
52.12572195,4.44101686458321,"ZuilenV"
38.7311123,-95.2414104,"LAloginho"
37.3886303,-5.9953171,"Carmenbom"
54.8948478,-2.9362311,"ndy_Bates"
-22.9103261,-43.5615527,"ffc_isadora"
5.8101532,0.0995242,"asedunga"
41.4156774,12.8212218,"BlessedAspie"
8.0018709,-66.1109318,"anaconda50"
5.357367,-3.994934,"Saintismal"
34.6453309,135.5419806,"sakura_joyful"
-10.3333333,-53.2,"memesdacopa"
-28.0555773,-54.8372319528966,"DestinoLiber"
53.3497645,-6.2602732,"WorldRugby"
36.6816936,-6.1377402,"mjesusmojonzapa"
-31.7613365,-71.3187697,"Fah26_"
25.3361589,55.3605655,"xavi_messii"
-22.9110137,-43.2093727,"bebelzinhagil"
-36.7781231,-73.0823093,"robertroxx"
25.2856329,51.5264162,"ccmmkk222"
40.7306458,-73.9866136,"maskvideo"
40.0028028,-4.003104,"vicentoller"
7.802359,6.7430045,"GbengaGOLD"
11.1276626,123.9621553,"elfarooficial"
6.2443382,-75.573553,"Anycovas"
45.4667971,9.1904984,"Reynaldikhsan"
53.7974185,-1.5437941,"RoryBurke142"
29.09261275,48.5133467132717,"osama_madkhali"
-31.5333985,-68.5384882298649,"BustamantMartin"
46.9140141,-96.7944984,"LeaZavatti"
-0.12353365,-78.3589274713217,"viveplay1"
10.3529588,76.5119752,"muhammedsharij"
19.2634938,-99.1033663,"XochimilcoVerde"
-23.5506507,-46.6333824,"plassabones9"
46.6624644,16.1655256,"Sobotainfo"
4.6617449,-74.0678010056575,"MariaAzulEjeCaf"
-4.7993356,114.5632032,"yosangian"
51.5073219,-0.1276474,"DvmGMzC2dmO0Uxl"
-34.9059039,-56.1913569,"olivera_martin"
-23.5506507,-46.6333824,"aps_sccp10"
34.2331373,-102.4107493,"Buchyno"
-17.0568696,-64.9912286,"PlataApaza"
43.2754779,-2.9590352,"DocJulia"
35.266906,-119.0567707,"noelysPA29"
-17.0568696,-64.9912286,"nteresab"
51.5073219,-0.1276474,"SynerGIS"
-5.6753455,-76.6390925,"AdamSheridan123"
44.40982965,8.92548179203911,"therfer"
42.48691275,1.60700011402922,"GunnerDee_"
2.8894434,-73.783892,"copse2018"
-3.450323,-79.9601969,"rogerpaultoledo"
34.6968642,139.4049033,"ju_xin_14"
40.0028028,-4.003104,"enlopezbu"
8.5058909,76.9570481,"GourisankaranP"
-12.0621065,-77.0365256,"idadevuelta"
52.9534161,-1.1492773,"AndyCotterill92"
48.6874172,2.4067546,"EsamBdeuxSquad"
-22.9110137,-43.2093727,"DanielR30614025"
-1.2832533,36.8172449,"MariamWangu"
-7.2459717,112.7378266,"Chimmy_05"
9.624388,-73.2125095,"ElevenSportsUSA"
-42.9165061,-71.3363881,"Noelia1vazquez"
25.7903245,-80.1404637,"PezBlaugrana"
52.7078866,-2.7540094,"Tonyb_12"
8.3096067,-81.3066246,"ElChinoLimYueng"
-37.8142176,144.9631608,"5times_94"
19.4326009,-99.1333416,"jockarlos9"
38.8147596,-77.0902476527272,"mohab_issa"
-29.116395,26.215496,"miKeL_MOTHETSI"
22.3511148,78.6677428,"KP_Robbinhood"
41.8933203,12.4829321,"MariagiovannaA6"
19.4326009,-99.1333416,"erick_sinK"
-8.7996802,115.1506101,"MS_Qolbi"
45.7578137,4.8320114,"Coeur_de_Gone"
53.4308358,-2.96091620802355,"syfqIbrhm"
44.9772995,-93.2654692,"jamiejannae"
2.7243827,101.7381037,"ernestlfc"
20.7137783,70.9853635,"JanaabGeo"
43.90594575,-74.9983060734476,"kevincarrillo93"
-22.9110137,-43.2093727,"AFPBrasil"
4.4923898,-75.7396016646567,"RenovablesUniv1"
-26.205,28.049722,"SteviexHodgson"
39.4699014,-0.3759513,"bztaneh"
11.01184845,-74.8086460830206,"federueda"
9.6000359,7.9999721,"yungjz"
5.4091179,-4.0422099,"LesProIvoiriens"
2.8894434,-73.783892,"camilobotia09"
25.63978365,-100.293101629066,"lasplayerasmx"
-23.960833,-46.333889,"leticiacapp"
8.0018709,-66.1109318,"KuspideSports"
6.4550575,3.3941795,"TeddyKing4real"
8.8311228,7.1724673,"bjay_official"
43.653963,-79.387207,"ViVAtrio"
50.8276199,3.2659948,"maxmdejode"
51.46426255,-0.651714721140142,"Glanville_Luke"
23.5125498,58.5514017715319,"Ista30478311"
40.4167047,-3.7035825,"FutbolTotalFC"
31.649741,35.162072,"Le_Che7"
-22.91209195,-43.2311454059056,"BrazilStat"
39.7837304,-100.4458825,"garzza1"
19.32055625,-99.1517010707765,"RafaBringas"
48.2354031,16.2842142186391,"_JEC95"
45.7578137,4.8320114,"Colfortec"
50.74018055,-1.95377383524348,"Sunseeker_Intl"
39.1014537,-84.5124602,"L5Sourcerer"
19.7027116,-101.1923818,"markodelapaz"
16.8602906,-99.8768321,"RoiDyrdek"
19.3273399,-99.0191905,"alicencantadora"
-34.9059039,-56.1913569,"SyrahUy"
46.5032766,6.6867879,"Touchme4youLe"
51.46426255,-0.651714721140142,"BoxCommentary"
53.3360693,-6.2333466,"slatterys"
26.2540493,29.2675469,"mosta7hassan"
19.166667,-104,"amyrventura"
33.8439408,9.400138,"adel_0"
25.2856329,51.5264162,"trajkovskidrag"
35.74836,139.638735,"touiti_abann"
18.833333,-98,"franjiazul12"
29.970278,40.208611,"hadi3306"
35.6681142,139.7725632,"asahi_photo"
24.6319692,46.7150648,"bntalmajeed"
33.990111,-6.8193862,"MarwaneMao"
25.2232283,55.1594933008754,"KeithAlanDunne"
45.4667971,9.1904984,"ladalessandro"
41.9960924,21.4316495,"Petrusevski13"
30.4575212,-111.039789437426,"chelsea9o"
53.4791301,-2.2441009,"18wordscomms"
-23.5506507,-46.6333824,"drafteam"
25.6242618,42.3528328,"Shksa15"
-53.1630965,-70.9230223,"edisabela1"
52.865196,-7.9794599,"improvpadawan"
19.4326009,-99.1333416,"alex_riguez"
6.4550575,3.3941795,"Ngoziruth266"
25.0750095,55.1887608818332,"Ah_Elawad"
7.0625358,-73.0858228,"pedromiguelqc"
-10.3333333,-53.2,"_AlineMS"
50.9357373,4.3643727,"JelleDeSmedt_"
25.2232283,55.1594933008754,"LeeLee55164282"
10.5111253,-66.9471698,"gusymans"
10.506098,-66.9146017,"Rest_LaEstancia"
15.0610686,-84.5978534,"alvarenga5"
51.2303177,2.9203275,"VanstalleJary"
40.4167047,-3.7035825,"dani87perales"
40.7306458,-73.9866136,"Josh_BKNY"
46.3927575,6.8053765,"BenozziLaurent"
25.4192971,-100.9945068,"robertosavard"
45.6944947,9.6698727,"MattMusciumarra"
55.7507178,37.6176606,"AxelRSCL"
-31.6186951,-60.7019561,"Gusezcurra"
-23.1805011,-45.8872969,"aptorquetti"
40.5248319,-3.77156277545181,"Nopanaden"
-10.3333333,-53.2,"thi_deh"
-41.3178431,-72.9827187,"oscarsurdechile"
-22.9030525,-43.1861702850526,"eduvme"
-22.9110137,-43.2093727,"alvarolucas_"
48.8566101,2.3514992,"OberonZ"
41.0096334,28.9651646,"BatmanCat1"
41.3477372,36.2348331,"35batuhancelik"
10.17778125,-84.0591841807008,"andynuinsa"
6.36117455,-75.589713296052,"sololiteryfil"
-12.133526,-38.420772,"marcelino95"
9.6000359,7.9999721,"thisisBOJ"
43.0805101,-109.5340328,"sapendtraz"
53.45733965,-2.22695880505223,"chronicles_afc"
51.89107295,-0.423030407620178,"ArsenalPoland"
49.1196964,6.1763552,"Riiiiiiiops"
-42.9165061,-71.3363881,"neomorocho80"
55.7507178,37.6176606,"Sergey_Che_"
16.3471243,47.8915271,"Abuabrahim17"
54.347628,18.6452029,"BZabecki"
-32.0334252,-52.0991297,"Rafael_Petry_"
42.5846773,-87.8212263,"iiCabrales"
52.5170365,13.3888599,"wettsportler"
45.79188,9.346745,"davcolo"
30.048819,31.243666,"waelabdelfattah"
-7.0232302,110.384860835387,"Halooreet"
12.9791198,77.5912997,"Anuperfection"
-17.0568696,-64.9912286,"OficialSegip"
52.7954791,-0.540240286617432,"casual_80s"
43.653963,-79.387207,"anubhav2207"
9.0643305,7.4892974,"adamsamana"
29.6479443,-82.3443545,"gf_raihaj4"
25.73584235,-100.266494516522,"Un_Aleex"
40.7306458,-73.9866136,"Marco_NY23"
53.6466645,-1.7822482,"Brewfitt"
26.2540493,29.2675469,"Rashwan3"
41.3758085,-85.700037,"thecasualultra"
37.9944391,13.6561795,"Trabia_PA"
53.808725,-1.5409244,"JoesterT"
51.5073219,-0.1276474,"KidDotCo"
53.5677371,-0.0736289,"kidd81"
-12.0621065,-77.0365256,"JoseNoriega1969"
59.3251172,18.0710935,"perteng1"
20.676143,-103.3469982,"apecechea_TM"
2.0119217,103.446608,"morasaki12"
42.6384261,12.674297,"football_nerds"
52.6348392,-1.1302497,"esischwiesisch"
37.9587465,-76.7580211,"PaulPalka"
-10.3333333,-53.2,"saulo19araujo"
40.4071708,49.8461271,"rashidthaalb"
26.2540493,29.2675469,"egyptnegm"
2.0000003,15.9999997,"Africafrique"
48.3115806,14.2405637,"kzmnsofia"
27.675562,85.275764,"kirtipursaral"
-17.0568696,-64.9912286,"Diputados_Bol"
-23.5506507,-46.6333824,"Ailtommota"
-17.0568696,-64.9912286,"adrianmoronbo"
19.1334321,72.8882172,"SaChintu1"
45.4667971,9.1904984,"Chrisbad87"
9.624388,-73.2125095,"aabrahamssohn"
51.7577649,18.083346,"patryk_fabisiak"
37.5666791,126.9782914,"theseoulvillage"
37.0057958,-89.1772449,"NashatAlexd"
51,10,"football_read10"
26.2540493,29.2675469,"Teeko_TRS"
7.3777462,3.8972497,"Damilarey23"
49.790952,20.3793521,"EstefaniaBenito"
45.4972159,-73.6103642,"KevLaramee"
4.6617449,-74.0678010056575,"sebastian_rod89"
51.0000002,-109.0000002,"SportsPodNet"
51.5400149,-0.000356420145789579,"messiba_de_poet"
6.4550575,3.3941795,"xclusiveafrica1"
5.5600141,-0.2057437,"ToontoomRadio"
-30.0324999,-51.2303767,"igornatusch"
14.5906216,120.9799696,"sotnasoinotna"
25.0750095,55.1887608818332,"ziahassan"
-2.25,105.3,"LosHoteles"
25.7742658,-80.1936589,"InnovationMCC"
45.4667971,9.1904984,"MiTomorrow"
14.4845383,121.0221299,"Ha_1423"
2.8894434,-73.783892,"clinepb5"
50.6407351,4.66696,"unibetbelgium"
15.6356088,-89.8988087,"kathespinoza7"
-33.8301355,151.2447663,"78Helou"
41.4728432,2.0817809,"jvilac"
-23.960833,-46.333889,"arnaldohase"
33.532127,-112.1547187,"culersperelmon"
13.7538929,100.8160803,"surasak_chu"
54.7023545,-3.2765753,"phcimages"
-42.9165061,-71.3363881,"TimingPolitico"
-6.1753942,106.827183,"lewangoalskii09"
-12.0621065,-77.0365256,"erislain"
50.0159029,22.6796573,"Krzeszov"
6.4550575,3.3941795,"addeyeme"
41.4939531,0.4591083,"Kik_Veri"
-34.8569635,-57.9077143,"GOmarvallejos"
-22.1225167,-51.3882528,"alecrowley1933"
11.0018115,76.9628425,"SeinAndZeit"
22.5677459,88.3476023,"greymind43"
-0.2201641,-78.5123274,"herbesta"
-31.9527121,115.8604796,"KC06McM"
19.4326009,-99.1333416,"MarisolSonne"
50.938361,6.959974,"MatthiasRadner"
-22.3712958,-41.7866922,"camelomacae"
59.3251172,18.0710935,"felsjc"
30.048819,31.243666,"HatemGamals"
30.048819,31.243666,"MedinaPortal"
15.593325,32.53565,"AnnzzyBlessings"
39.7837304,-100.4458825,"AdaptiveToolbox"
7.8776956,-72.4866182,"StevenDuenax"
42.6384261,12.674297,"fantagazzetta"
42.5947625,-8.7669178,"presi13"
40.8359336,14.2487826,"fraasco85"
40.8359336,14.2487826,"popup_2015"
42.6384261,12.674297,"fashionaut"
25.2232283,55.1594933008754,"BWC_Security"
41.8933203,12.4829321,"marco_gatta323"
46.603354,1.8883335,"Sejkoa"
1.4419683,38.4313975,"ZahirSalim83"
48.8566101,2.3514992,"alejandrakeyes"
20.6989852,-103.4243519,"Padillermo"
8.0300284,-1.0800271,"NofNews_Ghana"
37.1232245,-78.4927721,"Donna53489856"
39.4699014,-0.3759513,"Ruben288397261"
43.653963,-79.387207,"SameerN7"
-22.9110137,-43.2093727,"MarceloDunlop"
10.506098,-66.9146017,"metalbarsa"
37.9923795,-1.1305431,"VanGoghPub"
51.8161412,-0.8130383,"Ollie_Bayliss"
40.7306458,-73.9866136,"Alkadravillage"
46.603354,1.8883335,"selhimbanshee3"
-3.7304512,-38.5217989,"lsantosweb"
15.342101,44.2005197,"yaldylmy6"
51.46426255,-0.651714721140142,"KRM_Morgan"
19.4326009,-99.1333416,"_Dan_Ram"
25.6242618,42.3528328,"AlwatanSA"
-31.6403453,-60.7157178,"santiago_rios"
45.4667971,9.1904984,"gm2666"
51.5073219,-0.1276474,"Heartz15"
14.1696476,121.3336526,"elrodrix"
41.0096334,28.9651646,"DoctorOnder"
-17.0568696,-64.9912286,"abi_bolivia"
39.5695818,2.6500745,"maggiezasss"
42.2376602,-8.7247205,"ValeroRafa"
19.7078812,-101.1569649,"13cvc13"
-31.7613365,-71.3187697,"b_sefora"
42.6384261,12.674297,"welovethejuve"
40.8762106,-74.0298621,"albitahurtado"
43.3851103,-3.73669902062898,"JulyTorres9"
41.3828939,2.1774322,"royo_sergi"
4.7676576,7.0188527,"JoshAmobi"
9.624388,-73.2125095,"RoseLeon111"
28.34547755,-81.6330624068667,"ToyinOfLife"
37.1232245,-78.4927721,"ofpeopl"
51.46426255,-0.651714721140142,"ProformanceG"
25.2232283,55.1594933008754,"ElDotDono"
50.2164354,8.6915513,"MailtasticApp"
-1.6632409,31.4014928,"FlaviaFazenda"
43.7283874,-79.34914879325,"wallexstically"
8.0018709,-66.1109318,"EdgarBlancoJP"
34.2331373,-102.4107493,"iamwbis"
50.0171741,4.0458492,"cedric_lambert1"
11.85677545,42.7577845199437,"rassace"
53.198627,50.113987,"14_89276050774"
20.676143,-103.3469982,"israelpiz"
38.7077507,-9.1365919,"tretapak"
-34.4226303,-58.5808766,"spree95"
43.653963,-79.387207,"hitech_guru"
37.3349271,-5.9270935,"FisioStacruz"
43.7283874,-79.34914879325,"pen_int"
14.5496113,121.0541575,"swambi"
53.132398,23.1591679,"pawell147"
58.8355002,14.9257551081646,"LeftwingMartial"
36.5748441,139.2394179,"du4nicht9siehst"
43.8519774,18.3866868,"hajnakafu"
43.0314853,-87.8958096519185,"daddou1512"
2.8894434,-73.783892,"edharepe"
-7.846423,112.1005469,"KhaosodOnline"
40.13821645,-79.8375059939964,"DeVilbissPeter"
4.9408638,7.8412267,"emtai4"
55.9902293,-3.3966999,"qftravel"
42.4661196,-2.4396676,"LCelorrio"
22.3511148,78.6677428,"1ndraJ"
-31.7613365,-71.3187697,"alaiiiin"
24.6319692,46.7150648,"Moa_Taz"
52.3744779,9.7385532,"apollo909"
-34.5581493,-58.4558528,"_YvesMerlin"
45.4667971,9.1904984,"Emanuele4Music"
59.5201583,8.1946167,"ReytGoodMag"
41.8537767,12.4584533,"aallara"
41.8933203,12.4829321,"DavidePanunzi10"
4.5980772,-74.0761028,"AscoopColombia"
52.5170365,13.3888599,"casareto_re"
52.865196,-7.9794599,"StayPlanet"
-34.9964963,-64.9672817,"_yonosoy"
49.1370376,7.3676832,"Volpe_Lupo"
55.7507178,37.6176606,"Ollissya"
36.7213028,-4.4216366,"ZeniMarina"
45.4667971,9.1904984,"edelweiss330"
4.203033,10.0563057,"HaroldJoakim"
52.5170365,13.3888599,"YaHoeppner"
51.5073219,-0.1276474,"LeeW_Sport"
48.86423125,2.32124879840551,"xavmon"
-16.680882,-49.2532691,"revista_factual"
6.5422505,-57.7965872,"BBO_Lee_"
43.7283874,-79.34914879325,"beeradventures_"
43.2630051,-2.9349915,"mr_sambo80"
42.6384261,12.674297,"davideinno85"
6.543021,100.22572,"Ebitsuz"
38.1112268,13.3524434,"Giulia90955391"
44.40726,8.9338624,"GabrieleLepri"
34.054935,-118.244476,"AntonvonRueden"
48.6358559,-1.5126096,"Ghigo_07"
25.0750095,55.1887608818332,"1boxoffice_com"
4.5980772,-74.0761028,"entrevariedades"
52.7826982,1.4133514,"ClemensonSmith"
41.8933203,12.4829321,"Agimegitalia"
42.6384261,12.674297,"SNAI_Official"
37.6267868,-1.0006184,"nomascorruptosc"
48.8566101,2.3514992,"JeuneGuillou"
43.880598,11.0969262,"Batmattz"
33.8304221,35.5416137,"DJBShoW"
51.5073219,-0.1276474,"riccardinouk"
51.5073219,-0.1276474,"senakaweeraman"
25.22803095,55.17332793087,"AndyR_Sport"
22.3511148,78.6677428,"AniketSugara4"
5.112735,7.364349,"de_ejimtony"
0.3177137,32.5813539,"pkaturamu"
25.2856329,51.5264162,"evosoccerqatar"
-37.95131145,-57.7775096677612,"nachule"
-16.0170857,-48.0653054,"oTiagoAndrade"
32.3293809,-83.1137366,"UGAGrad"
2.8894434,-73.783892,"PoliticaHeroica"
2.8894434,-73.783892,"Futbolindepalo"
40.8359336,14.2487826,"gaver69"
3.9696002,108.1756093,"rifky_hardyanto"
6.4550575,3.3941795,"wondakhid"
-27.4689682,153.0234991,"PierGac"
21.5822247,39.1640396,"OKAZ_online"
-40.5733223,-73.1359011,"rickyasfos20"
59.6749712,14.5208584,"Arvid115"
44.8372737,11.6186451,"biancoceles"
48.6443057,2.7537863,"wronginho"
51,10,"gentomobile"
-12.0621065,-77.0365256,"carlos1aparicio"
18.2536993,-100.193906662846,"elchagotc"
-34.9964963,-64.9672817,"MaraArab"
26.338393,127.806341,"mannori0228"
24.6319692,46.7150648,"OmarMadkhali"
19.4326009,-99.1333416,"adamo009"
14.5844444,29.4917691,"YasserIb"
47.3723957,8.5423216,"thomas_ley"
40.033265,-7.8896263,"PublicoP3"
14.4750607,-14.4529612,"teledakar"
-21.4192406,-50.0765588,"leovituzzo"
-27.4221702,-55.9350095,"PlayboyTVLA"
21.5822247,39.1640396,"889abuomar"
19.4326009,-99.1333416,"CassQueen"
4.6617449,-74.0678010056575,"MarcoBullies"
40.74123595,-73.356691165361,"promotion_first"
58.9935488,15.3272215264051,"SwedishMartial"
-28.0555773,-54.8372319528966,"PabloTube30"
38.3599931,33.9864261,"MertKirik"
-10.3333333,-53.2,"nayaraportelaTV"
19.4326009,-99.1333416,"O_Q777"
33.4485866,-112.0773456,"mulbrotha"
6.4550575,3.3941795,"adesoye_jr"
19.1943294,72.9701779,"ritwikspatil"
6.4550575,3.3941795,"davero24"
45.665698,9.4376098,"andreafabris96"
44.23912,0.64707,"Alex4778"
-34.6411753,-58.4323893,"Guihdo"
53.7974185,-1.5437941,"sampatchitt"
4.6617449,-74.0678010056575,"ypaoquint"
41.8933203,12.4829321,"lollo_grim"
-32.8897294,-68.8442956,"elmiradormza"
44.2015624,0.6176324,"47FM"
42.6384261,12.674297,"JohnHard3"
35.62125,139.688014,"kewmetal"
-17.0568696,-64.9912286,"ElvioDiasCruz2"
34.395342,-111.7632755,"ToshuTrinity"
4.5980772,-74.0761028,"amycadc"
-23.6121912,-46.7790539,"feafirmino"
25.7742658,-80.1936589,"PAUCHAVARRO"
17.9656844,-92.9020085,"rubensalcocer93"
39.6594484,2.9862211,"Indiano1331"
48.8566101,2.3514992,"Franck_Berteau"
6.794565,3.8559855,"getbigi"
43.653963,-79.387207,"GoldenChyld15"
6.4550575,3.3941795,"Hubmart"
25.011997,121.4656619,"TW_nextmedia"
6.4550575,3.3941795,"Chartbee"
59.3251172,18.0710935,"mikaelgrev"
40.8762106,-74.0298621,"yeiner_morales"
0.3177137,32.5813539,"Mickyjam"
19.166667,-104,"Fernand58257707"
10.2735633,-84.0739102,"ContactingMarco"
-42.9165061,-71.3363881,"RitchieRweda"
40.7306458,-73.9866136,"YouTubeHowToDIY"
-30.1501099,-51.2211468,"rafaelprimo"
40.06160405,9.09775380655307,"Cane_Sciolt0"
-22.9110137,-43.2093727,"annytty"
19.531932,76.0554568,"Ash_9378"
2.8894434,-73.783892,"ronaldrojasro"
9.0643305,7.4892974,"NAhmadAmina"
-23.6495294,-46.8528497,"sebosapienza"
-18.865186,-48.265278,"gpires22"
45.4667971,9.1904984,"teo_brotherwolf"
5.4091179,-4.0422099,"julienne_bamba"
11.1276626,123.9621553,"laugutierrezba"
37.0155427,128.5857804,"ambrocioa07"
48.8566101,2.3514992,"Oud1bad1"
-28.3769444,32.4141667,"rcistlucia"
19.4326009,-99.1333416,"diegodelunamx"
53.45733965,-2.22695880505223,"VikramAffiliate"
45.6944947,9.6698727,"dariovioli"
53.4150056,18.4590968,"kievo_Polska"
13.7538929,100.8160803,"GSB_Family"
53.45733965,-2.22695880505223,"SportsBetTrans"
28.6415665,77.2126308,"K_Anusuya7"
35.609985,140.118126,"GusFielding"
13.7538929,100.8160803,"Jane_nunz"
48.6443057,2.7537863,"tweekette75"
-1.3397668,-79.3666965,"RC_MACHADO182"
-0.2201641,-78.5123274,"fausnoriega"
19.4326009,-99.1333416,"eunyoomoonlight"
10.9,6.5,"D59034579"
-12.0294672,-72.8601102,"okeek01"
36.4191096,-6.1460683,"Que_miras_"
-10.3333333,-53.2,"srsmalik"
-23.5506507,-46.6333824,"camabap"
27.708796,85.320244,"prjsubedi"
4.6617449,-74.0678010056575,"JulsAlGhul"
44.88374595,-0.605126444043871,"JeanDoobs"
-22.9110137,-43.2093727,"dodsdmr"
45.7369595,8.8968127,"SciabolataFFP"
-32.8755548,-56.0201525,"furtadoastoviz9"
-27.0233364,28.6255542,"IsmailJamAlllag"
9.0643305,7.4892974,"europafixed666"
-23.5506507,-46.6333824,"Antoniogzzx"
38.8949549,-77.0366456,"NeverAgainGC"
51.5073219,-0.1276474,"sunphilips"
12.9791198,77.5912997,"saideep_btr"
38.212263,45.7285348,"deepanalfist"
-17.0568696,-64.9912286,"OrlandoGadch"
2.8894434,-73.783892,"jolecere"
51.5073219,-0.1276474,"Zireael1272"
48.6937223,6.1834097,"Liloudelu"
4.8416028,6.8604088,"anwurichi"
53.86117155,-2.54711154031047,"brickweb"
51.4538022,-2.5972985,"princestsocial"
51.456659,-0.9696512,"alexstanger1993"
25.7742658,-80.1936589,"msvanezuela"
60.6750132,17.1467019,"beckmansasikter"
35.7006177,51.401375,"KhosroshahiAmin"
19.4326009,-99.1333416,"HctorDanielOrt2"
52.537789,13.40914,"eduardopassos"
14.4750607,-14.4529612,"CanoeKayakSN"
32.9407496,52.9471344,"ISNAMEDIA"
18.1923169,-99.6023669533758,"hazadrian"
38.5820624,68.7915550419527,"AlexDeBargeX"
-33.4377968,-70.6504451,"VIASATELITEpCL"
42.2765867424767,-71.1669079436859,"sadsherlock2003"
18.547327,-72.3395928,"loucendy"
25.939003,-80.1255338721964,"BishBlueHammer"
-22.9110137,-43.2093727,"oficialsmigol"
6.4550575,3.3941795,"ShehuWilliams"
-38.9355475,-67.990978,"DadoRodri"
50.9446987,-0.527605823623323,"mattnashmetro"
-6.1753942,106.827183,"bobby_fauzie"
3.0332673,-75.2794423959783,"AdrianaCorts1"
41.3828939,2.1774322,"sorianoencarna"
16.3471243,47.8915271,"77mohammed30"
45.4972159,-73.6103642,"TyPatrick89"
30.311908,-81.3964734,"GotSoccer"
9.0643305,7.4892974,"kunlerystar"
14.4845383,121.0221299,"iNasorrry"
-23.5506507,-46.6333824,"luizmurat"
-19.9227318,-43.9450948,"sorayabelusi"
33.5950627,-7.6187768,"AlaeBennani"
41.2966556,-7.74678,"PedroVeloso1893"
26.2384363,-99.8873,"aRomeroll"
41.0293083,29.0326345,"Emre_Tilev"
21.7670269,-78.0947805,"fiston28"
22.3798036,40.7132441,"drhman"
53.45733965,-2.22695880505223,"TheConciergeMag"
45.4667971,9.1904984,"ilcruccu"
40.0028028,-4.003104,"nereita_reyes3"
18.2563027,42.3741645,"AliAlrobayee"
-7.0258285,-37.2766817,"guedesshopping"
-8.1947233,111.1035716,"BagusPr39906126"
53.5415797,-2.1147831,"whitey1379"
-12.0294672,-72.8601102,"icanabdul_"
48.8566101,2.3514992,"LionelMaugain"
21.161829,-86.82505,"pariscarbonell"
-19.0183481,-40.5367485,"paulmferreira"
40.282476,-3.7923422,"dannysanz9"
59.3251172,18.0710935,"pogledizstklma"
45.4667971,9.1904984,"Robxrecords"
41.8933203,12.4829321,"AdrianoStabile"
48.8566101,2.3514992,"serpenta99"
-5.6753455,-76.6390925,"UksRestaurants"
-31.4173391,-64.183319,"SerZuliani"
14.5906216,120.9799696,"miggatsby"
45.4667971,9.1904984,"MondoFutbolCom"
41.8933203,12.4829321,"m_vitelli"
20.8542575,-99.84756,"delaRo5a"
30.616625,-81.7170472,"GiMartorelli"
8.3096067,-81.3066246,"Supricom_panama"
51.7967047,0.579338882096011,"CharlesGreig"
-17.0568696,-64.9912286,"mayumijhanina"
-42.9165061,-71.3363881,"hoteldolmen"
10.506098,-66.9146017,"MAURICIOGOMEZ48"
40.555597,-102.8175857,"pablo_de_nariz"
-4.7993356,114.5632032,"rido_turisma"
43.3185536,11.3316533,"InsdataInter"
50.1752564,6.6251052,"Miguelmm40"
13.7538929,100.8160803,"jaboong_rama2"
50.923662,4.4096403,"PromoCrypto"
29.7589382,-95.3676974,"mrdjt007"
-33.4278677,-70.611597032211,"rissito"
43.4623102,-3.8101067,"luismivia"
2.8894434,-73.783892,"JimmyTez"
-27.200475,25.979925,"Realebo21749362"
52.9534161,-1.1492773,"MarkLeek5"
-24.655319,25.908728,"Schilo_Znchenko"
4.5980772,-74.0761028,"christianruge"
46.2303063,7.6605757,"cassandra190798"
36.1662859,-115.149225,"ChuckBassBet"
-1.6632409,31.4014928,"ray_combo"
41.8933203,12.4829321,"rosariarenna"
4.5980772,-74.0761028,"VivaLaVidaBien"
6.2443382,-75.573553,"Sammuelh"
-33.4377968,-70.6504451,"JorgeEd95718174"
2.3923759,112.8471939,"OfficialAarif10"
19.416667,-98.166667,"marjd_1029"
52.7954791,-0.540240286617432,"salmon_stuffed"
19.1334321,72.8882172,"rajendranpandey"
16.4263803,-93.1404794,"Ed_Maldonado"
51.46426255,-0.651714721140142,"SashaDugdale"
-9.0478679,-70.5264976,"duainerodrigues"
-21.7609533,-43.3501129,"tania_tpimentel"
-34.4739792,-58.5264866,"Wallychoo"
-32.9595004,-60.6615415,"Rostower"
-10.3333333,-53.2,"fabiabrams"
25.0750095,55.1887608818332,"elmorphy"
-33.8548157,151.2164539,"RoyLukman3"
1.5333554,32.2166578,"MeBelbels"
38.7077507,-9.1365919,"WhosChampion"
-6.1753942,106.827183,"nurfahmibudi"
51.5073219,-0.1276474,"richardmelik"
51.52373945,-0.143911928919142,"TheAlbany"
